-- phpMyAdmin SQL Dump
-- version 5.2.0
-- https://www.phpmyadmin.net/
--
-- Host: 127.0.0.1
-- Generation Time: Sep 06, 2023 at 03:11 PM
-- Server version: 10.4.24-MariaDB
-- PHP Version: 7.4.29

SET SQL_MODE = "NO_AUTO_VALUE_ON_ZERO";
START TRANSACTION;
SET time_zone = "+00:00";


/*!40101 SET @OLD_CHARACTER_SET_CLIENT=@@CHARACTER_SET_CLIENT */;
/*!40101 SET @OLD_CHARACTER_SET_RESULTS=@@CHARACTER_SET_RESULTS */;
/*!40101 SET @OLD_COLLATION_CONNECTION=@@COLLATION_CONNECTION */;
/*!40101 SET NAMES utf8mb4 */;

--
-- Database: `newtrial`
--

-- --------------------------------------------------------

--
-- Table structure for table `attendance`
--

CREATE TABLE `attendance` (
  `id` int(11) NOT NULL,
  `student_id` int(11) DEFAULT NULL,
  `user_id` int(11) DEFAULT NULL,
  `attendance_date` date DEFAULT NULL,
  `attendance_status` varchar(255) DEFAULT NULL,
  `attendance_code` datetime DEFAULT NULL
) ENGINE=InnoDB DEFAULT CHARSET=utf8mb4;

--
-- Dumping data for table `attendance`
--

INSERT INTO `attendance` (`id`, `student_id`, `user_id`, `attendance_date`, `attendance_status`, `attendance_code`) VALUES
(267, 3, 6, '2023-08-02', 'Present', NULL),
(268, 6, 6, '2023-08-02', 'Sick', NULL),
(269, 7, 6, '2023-08-02', 'Present', NULL),
(270, 10, 6, '2023-08-02', 'Late', NULL),
(271, 11, 6, '2023-08-02', 'Present', NULL),
(272, 12, 6, '2023-08-02', 'Present', NULL),
(273, 15, 6, '2023-08-02', 'Present', NULL),
(274, 19, 6, '2023-08-02', 'Present', NULL),
(275, 20, 6, '2023-08-02', 'Present', NULL),
(276, 21, 6, '2023-08-02', 'Present', NULL),
(332, 2, 6, '2023-08-09', 'Present', '0000-00-00 00:00:00'),
(333, 3, 6, '2023-08-09', 'Sick', '0000-00-00 00:00:00'),
(334, 6, 6, '2023-08-09', 'Present', '0000-00-00 00:00:00'),
(335, 7, 6, '2023-08-09', 'Present', '0000-00-00 00:00:00'),
(336, 10, 6, '2023-08-09', 'Present', '0000-00-00 00:00:00'),
(337, 11, 6, '2023-08-09', 'Absent', '0000-00-00 00:00:00'),
(338, 12, 6, '2023-08-09', 'Late', '0000-00-00 00:00:00'),
(339, 15, 6, '2023-08-09', 'Late', '0000-00-00 00:00:00'),
(340, 19, 6, '2023-08-09', 'Late', '0000-00-00 00:00:00'),
(341, 20, 6, '2023-08-09', 'Late', '0000-00-00 00:00:00'),
(342, 21, 6, '2023-08-09', 'Sick', '0000-00-00 00:00:00'),
(343, 2, 6, '2023-08-17', 'Late', '0000-00-00 00:00:00'),
(344, 3, 6, '2023-08-17', 'Present', '0000-00-00 00:00:00'),
(345, 6, 6, '2023-08-17', 'Present', '0000-00-00 00:00:00'),
(346, 7, 6, '2023-08-17', 'Present', '0000-00-00 00:00:00'),
(347, 10, 6, '2023-08-17', 'Present', '0000-00-00 00:00:00'),
(348, 11, 6, '2023-08-17', 'Present', '0000-00-00 00:00:00'),
(349, 12, 6, '2023-08-17', 'Late', '0000-00-00 00:00:00'),
(350, 15, 6, '2023-08-17', 'Present', '0000-00-00 00:00:00'),
(351, 19, 6, '2023-08-17', 'Sick', '0000-00-00 00:00:00'),
(352, 20, 6, '2023-08-17', 'Present', '0000-00-00 00:00:00'),
(353, 21, 6, '2023-08-17', 'Sick', '0000-00-00 00:00:00'),
(365, 2, 6, '2023-08-01', 'Present', '0000-00-00 00:00:00'),
(366, 3, 6, '2023-08-01', 'Absent', '0000-00-00 00:00:00'),
(367, 6, 6, '2023-08-01', 'Present', '0000-00-00 00:00:00'),
(368, 7, 6, '2023-08-01', 'Present', '0000-00-00 00:00:00'),
(369, 10, 6, '2023-08-01', 'Present', '0000-00-00 00:00:00'),
(370, 11, 6, '2023-08-01', 'Present', '0000-00-00 00:00:00'),
(371, 12, 6, '2023-08-01', 'Present', '0000-00-00 00:00:00'),
(372, 15, 6, '2023-08-01', 'Late', '0000-00-00 00:00:00'),
(373, 19, 6, '2023-08-01', 'Sick', '0000-00-00 00:00:00'),
(374, 20, 6, '2023-08-01', 'Present', '0000-00-00 00:00:00'),
(375, 21, 6, '2023-08-01', 'Absent', '0000-00-00 00:00:00'),
(400, 2, 6, '2023-08-25', 'Present', '0000-00-00 00:00:00'),
(401, 3, 6, '2023-08-25', 'Present', '0000-00-00 00:00:00'),
(402, 6, 6, '2023-08-25', 'Present', '0000-00-00 00:00:00'),
(403, 7, 6, '2023-08-25', 'Sick', '0000-00-00 00:00:00'),
(404, 10, 6, '2023-08-25', 'Absent', '0000-00-00 00:00:00'),
(405, 11, 6, '2023-08-25', 'Sick', '0000-00-00 00:00:00'),
(406, 12, 6, '2023-08-25', 'Present', '0000-00-00 00:00:00'),
(407, 15, 6, '2023-08-25', 'Absent', '0000-00-00 00:00:00'),
(408, 19, 6, '2023-08-25', 'Present', '0000-00-00 00:00:00'),
(409, 20, 6, '2023-08-25', 'Present', '0000-00-00 00:00:00'),
(410, 21, 6, '2023-08-25', 'Present', '0000-00-00 00:00:00'),
(411, 22, 6, '2023-08-25', 'Present', '0000-00-00 00:00:00'),
(426, 2, 6, '2023-08-24', 'Present', '0000-00-00 00:00:00'),
(427, 3, 6, '2023-08-24', 'Present', '0000-00-00 00:00:00'),
(428, 6, 6, '2023-08-24', 'Present', '0000-00-00 00:00:00'),
(429, 7, 6, '2023-08-24', 'Late', '0000-00-00 00:00:00'),
(430, 10, 6, '2023-08-24', 'Absent', '0000-00-00 00:00:00'),
(431, 11, 6, '2023-08-24', 'Present', '0000-00-00 00:00:00'),
(432, 12, 6, '2023-08-24', 'Sick', '0000-00-00 00:00:00'),
(433, 15, 6, '2023-08-24', 'Absent', '0000-00-00 00:00:00'),
(435, 20, 6, '2023-08-24', '', '0000-00-00 00:00:00'),
(436, 21, 6, '2023-08-24', '', '0000-00-00 00:00:00'),
(437, 22, 6, '2023-08-24', '', '0000-00-00 00:00:00'),
(438, 23, 6, '2023-08-24', '', '0000-00-00 00:00:00'),
(478, 2, 6, '2023-07-12', 'Late', '0000-00-00 00:00:00'),
(479, 3, 6, '2023-07-12', 'Absent', '0000-00-00 00:00:00'),
(480, 6, 6, '2023-07-12', 'Absent', '0000-00-00 00:00:00'),
(481, 7, 6, '2023-07-12', 'Absent', '0000-00-00 00:00:00'),
(482, 10, 6, '2023-07-12', '', '0000-00-00 00:00:00'),
(483, 11, 6, '2023-07-12', '', '0000-00-00 00:00:00'),
(484, 12, 6, '2023-07-12', '', '0000-00-00 00:00:00'),
(485, 15, 6, '2023-07-12', '', '0000-00-00 00:00:00'),
(486, 19, 6, '2023-07-12', '', '0000-00-00 00:00:00'),
(487, 20, 6, '2023-07-12', '', '0000-00-00 00:00:00'),
(488, 21, 6, '2023-07-12', '', '0000-00-00 00:00:00'),
(489, 22, 6, '2023-07-12', '', '0000-00-00 00:00:00'),
(490, 23, 6, '2023-07-12', '', '0000-00-00 00:00:00'),
(504, 2, 6, '2023-08-23', 'Absent', '0000-00-00 00:00:00'),
(505, 3, 6, '2023-08-23', 'Present', '0000-00-00 00:00:00'),
(506, 6, 6, '2023-08-23', '', '0000-00-00 00:00:00'),
(507, 7, 6, '2023-08-23', '', '0000-00-00 00:00:00'),
(508, 10, 6, '2023-08-23', '', '0000-00-00 00:00:00'),
(509, 11, 6, '2023-08-23', '', '0000-00-00 00:00:00'),
(510, 12, 6, '2023-08-23', '', '0000-00-00 00:00:00'),
(511, 15, 6, '2023-08-23', '', '0000-00-00 00:00:00'),
(512, 19, 6, '2023-08-23', '', '0000-00-00 00:00:00'),
(513, 20, 6, '2023-08-23', '', '0000-00-00 00:00:00'),
(514, 21, 6, '2023-08-23', '', '0000-00-00 00:00:00'),
(515, 22, 6, '2023-08-23', '', '0000-00-00 00:00:00'),
(516, 23, 6, '2023-08-23', '', '0000-00-00 00:00:00'),
(582, 2, 6, '2023-08-31', 'Present', '0000-00-00 00:00:00'),
(583, 3, 6, '2023-08-31', 'Present', '0000-00-00 00:00:00'),
(584, 6, 6, '2023-08-31', 'Absent', '0000-00-00 00:00:00'),
(585, 7, 6, '2023-08-31', '', '0000-00-00 00:00:00'),
(586, 10, 6, '2023-08-31', '', '0000-00-00 00:00:00'),
(587, 11, 6, '2023-08-31', '', '0000-00-00 00:00:00'),
(588, 12, 6, '2023-08-31', '', '0000-00-00 00:00:00'),
(589, 15, 6, '2023-08-31', '', '0000-00-00 00:00:00'),
(590, 19, 6, '2023-08-31', '', '0000-00-00 00:00:00'),
(591, 20, 6, '2023-08-31', '', '0000-00-00 00:00:00'),
(592, 21, 6, '2023-08-31', '', '0000-00-00 00:00:00'),
(593, 22, 6, '2023-08-31', '', '0000-00-00 00:00:00'),
(594, 23, 6, '2023-08-31', '', '0000-00-00 00:00:00'),
(608, 2, 6, '2023-07-13', 'Present', '0000-00-00 00:00:00'),
(609, 3, 6, '2023-07-13', 'Present', '0000-00-00 00:00:00'),
(610, 6, 6, '2023-07-13', 'Absent', '0000-00-00 00:00:00'),
(611, 7, 6, '2023-07-13', '', '0000-00-00 00:00:00'),
(612, 10, 6, '2023-07-13', '', '0000-00-00 00:00:00'),
(613, 11, 6, '2023-07-13', '', '0000-00-00 00:00:00'),
(614, 12, 6, '2023-07-13', '', '0000-00-00 00:00:00'),
(615, 15, 6, '2023-07-13', '', '0000-00-00 00:00:00'),
(616, 19, 6, '2023-07-13', '', '0000-00-00 00:00:00'),
(617, 20, 6, '2023-07-13', '', '0000-00-00 00:00:00'),
(618, 21, 6, '2023-07-13', '', '0000-00-00 00:00:00'),
(619, 22, 6, '2023-07-13', '', '0000-00-00 00:00:00'),
(620, 23, 6, '2023-07-13', '', '0000-00-00 00:00:00'),
(634, 2, 6, '2023-07-06', 'Present', '0000-00-00 00:00:00'),
(635, 3, 6, '2023-07-06', 'Present', '0000-00-00 00:00:00'),
(636, 6, 6, '2023-07-06', 'Absent', '0000-00-00 00:00:00'),
(637, 7, 6, '2023-07-06', '', '0000-00-00 00:00:00'),
(638, 10, 6, '2023-07-06', '', '0000-00-00 00:00:00'),
(639, 11, 6, '2023-07-06', '', '0000-00-00 00:00:00'),
(640, 12, 6, '2023-07-06', '', '0000-00-00 00:00:00'),
(641, 15, 6, '2023-07-06', '', '0000-00-00 00:00:00'),
(642, 19, 6, '2023-07-06', '', '0000-00-00 00:00:00'),
(643, 20, 6, '2023-07-06', '', '0000-00-00 00:00:00'),
(644, 21, 6, '2023-07-06', '', '0000-00-00 00:00:00'),
(645, 22, 6, '2023-07-06', '', '0000-00-00 00:00:00'),
(646, 23, 6, '2023-07-06', '', '0000-00-00 00:00:00'),
(673, 2, 6, '2023-07-15', 'Present', '0000-00-00 00:00:00'),
(674, 3, 6, '2023-07-15', 'Present', '0000-00-00 00:00:00'),
(675, 6, 6, '2023-07-15', 'Absent', '0000-00-00 00:00:00'),
(676, 7, 6, '2023-07-15', '', '0000-00-00 00:00:00'),
(677, 10, 6, '2023-07-15', '', '0000-00-00 00:00:00'),
(678, 11, 6, '2023-07-15', '', '0000-00-00 00:00:00'),
(679, 12, 6, '2023-07-15', '', '0000-00-00 00:00:00'),
(680, 15, 6, '2023-07-15', '', '0000-00-00 00:00:00'),
(681, 19, 6, '2023-07-15', '', '0000-00-00 00:00:00'),
(682, 20, 6, '2023-07-15', '', '0000-00-00 00:00:00'),
(683, 21, 6, '2023-07-15', '', '0000-00-00 00:00:00'),
(684, 22, 6, '2023-07-15', '', '0000-00-00 00:00:00'),
(685, 23, 6, '2023-07-15', '', '0000-00-00 00:00:00'),
(686, 2, 6, '2023-07-16', 'Present', '0000-00-00 00:00:00'),
(687, 3, 6, '2023-07-16', 'Present', '0000-00-00 00:00:00'),
(688, 6, 6, '2023-07-16', '', '0000-00-00 00:00:00'),
(689, 7, 6, '2023-07-16', '', '0000-00-00 00:00:00'),
(690, 10, 6, '2023-07-16', '', '0000-00-00 00:00:00'),
(691, 11, 6, '2023-07-16', '', '0000-00-00 00:00:00'),
(692, 12, 6, '2023-07-16', '', '0000-00-00 00:00:00'),
(693, 15, 6, '2023-07-16', '', '0000-00-00 00:00:00'),
(694, 19, 6, '2023-07-16', '', '0000-00-00 00:00:00'),
(695, 20, 6, '2023-07-16', '', '0000-00-00 00:00:00'),
(696, 21, 6, '2023-07-16', '', '0000-00-00 00:00:00'),
(697, 22, 6, '2023-07-16', '', '0000-00-00 00:00:00'),
(698, 23, 6, '2023-07-16', '', '0000-00-00 00:00:00'),
(1011, 2, 6, '2023-09-01', 'Present', '0000-00-00 00:00:00'),
(1012, 3, 6, '2023-09-01', 'Present', '0000-00-00 00:00:00'),
(1013, 6, 6, '2023-09-01', 'Present', '0000-00-00 00:00:00'),
(1014, 7, 6, '2023-09-01', '', '0000-00-00 00:00:00'),
(1015, 10, 6, '2023-09-01', '', '0000-00-00 00:00:00'),
(1016, 11, 6, '2023-09-01', '', '0000-00-00 00:00:00'),
(1017, 12, 6, '2023-09-01', '', '0000-00-00 00:00:00'),
(1018, 15, 6, '2023-09-01', '', '0000-00-00 00:00:00'),
(1019, 19, 6, '2023-09-01', '', '0000-00-00 00:00:00'),
(1020, 20, 6, '2023-09-01', '', '0000-00-00 00:00:00'),
(1021, 21, 6, '2023-09-01', '', '0000-00-00 00:00:00'),
(1022, 22, 6, '2023-09-01', '', '0000-00-00 00:00:00'),
(1023, 23, 6, '2023-09-01', '', '0000-00-00 00:00:00'),
(1192, 2, 6, '2023-08-18', 'Present', '0000-00-00 00:00:00'),
(1193, 3, 6, '2023-08-18', 'Absent', '0000-00-00 00:00:00'),
(1194, 6, 6, '2023-08-18', '', '0000-00-00 00:00:00'),
(1195, 7, 6, '2023-08-18', '', '0000-00-00 00:00:00'),
(1196, 10, 6, '2023-08-18', '', '0000-00-00 00:00:00'),
(1197, 11, 6, '2023-08-18', '', '0000-00-00 00:00:00'),
(1198, 12, 6, '2023-08-18', '', '0000-00-00 00:00:00'),
(1199, 15, 6, '2023-08-18', '', '0000-00-00 00:00:00'),
(1200, 19, 6, '2023-08-18', '', '0000-00-00 00:00:00'),
(1201, 20, 6, '2023-08-18', '', '0000-00-00 00:00:00'),
(1202, 21, 6, '2023-08-18', '', '0000-00-00 00:00:00'),
(1203, 22, 6, '2023-08-18', '', '0000-00-00 00:00:00'),
(1204, 23, 6, '2023-08-18', '', '0000-00-00 00:00:00'),
(1231, 2, 6, '2023-08-26', 'Present', '0000-00-00 00:00:00'),
(1232, 3, 6, '2023-08-26', 'Present', '0000-00-00 00:00:00'),
(1233, 6, 6, '2023-08-26', 'Present', '0000-00-00 00:00:00'),
(1234, 7, 6, '2023-08-26', 'Present', '0000-00-00 00:00:00'),
(1235, 10, 6, '2023-08-26', 'Absent', '0000-00-00 00:00:00'),
(1236, 11, 6, '2023-08-26', 'Present', '0000-00-00 00:00:00'),
(1237, 12, 6, '2023-08-26', 'Absent', '0000-00-00 00:00:00'),
(1238, 15, 6, '2023-08-26', 'Present', '0000-00-00 00:00:00'),
(1239, 19, 6, '2023-08-26', 'Late', '0000-00-00 00:00:00'),
(1240, 20, 6, '2023-08-26', 'Sick', '0000-00-00 00:00:00'),
(1241, 21, 6, '2023-08-26', 'Present', '0000-00-00 00:00:00'),
(1242, 22, 6, '2023-08-26', 'Present', '0000-00-00 00:00:00'),
(1243, 23, 6, '2023-08-26', 'Present', '0000-00-00 00:00:00'),
(1244, 2, 6, '2023-08-10', 'Absent', '0000-00-00 00:00:00'),
(1245, 3, 6, '2023-08-10', 'Present', '0000-00-00 00:00:00'),
(1246, 6, 6, '2023-08-10', 'Present', '0000-00-00 00:00:00'),
(1247, 7, 6, '2023-08-10', 'Present', '0000-00-00 00:00:00'),
(1248, 10, 6, '2023-08-10', 'Present', '0000-00-00 00:00:00'),
(1249, 11, 6, '2023-08-10', 'Present', '0000-00-00 00:00:00'),
(1250, 12, 6, '2023-08-10', 'Present', '0000-00-00 00:00:00'),
(1251, 15, 6, '2023-08-10', 'Present', '0000-00-00 00:00:00'),
(1252, 19, 6, '2023-08-10', 'Late', '0000-00-00 00:00:00'),
(1253, 20, 6, '2023-08-10', 'Sick', '0000-00-00 00:00:00'),
(1254, 21, 6, '2023-08-10', 'Absent', '0000-00-00 00:00:00'),
(1255, 22, 6, '2023-08-10', 'Present', '0000-00-00 00:00:00'),
(1256, 23, 6, '2023-08-10', 'Present', '0000-00-00 00:00:00'),
(1257, 10, 6, '2023-07-12', 'Present', '0000-00-00 00:00:00'),
(1258, 11, 6, '2023-07-12', 'Present', '0000-00-00 00:00:00'),
(1259, 12, 6, '2023-07-12', '', '0000-00-00 00:00:00'),
(1260, 15, 6, '2023-07-12', '', '0000-00-00 00:00:00'),
(1261, 19, 6, '2023-07-12', '', '0000-00-00 00:00:00'),
(1262, 20, 6, '2023-07-12', '', '0000-00-00 00:00:00'),
(1263, 21, 6, '2023-07-12', '', '0000-00-00 00:00:00'),
(1264, 22, 6, '2023-07-12', '', '0000-00-00 00:00:00'),
(1265, 23, 6, '2023-07-12', '', '0000-00-00 00:00:00'),
(1266, 2, 6, '2023-08-29', 'Present', '0000-00-00 00:00:00'),
(1267, 3, 6, '2023-08-29', 'Present', '0000-00-00 00:00:00'),
(1268, 6, 6, '2023-08-29', 'Present', '0000-00-00 00:00:00'),
(1269, 7, 6, '2023-08-29', 'Present', '0000-00-00 00:00:00'),
(1270, 10, 6, '2023-08-29', 'Present', '0000-00-00 00:00:00'),
(1271, 11, 6, '2023-08-29', 'Present', '0000-00-00 00:00:00'),
(1272, 12, 6, '2023-08-29', 'Present', '0000-00-00 00:00:00'),
(1273, 15, 6, '2023-08-29', '', '0000-00-00 00:00:00'),
(1274, 19, 6, '2023-08-29', '', '0000-00-00 00:00:00'),
(1275, 20, 6, '2023-08-29', '', '0000-00-00 00:00:00'),
(1276, 21, 6, '2023-08-29', '', '0000-00-00 00:00:00'),
(1277, 22, 6, '2023-08-29', '', '0000-00-00 00:00:00'),
(1278, 23, 6, '2023-08-29', '', '0000-00-00 00:00:00'),
(1279, 15, 6, '2023-08-29', 'Present', '0000-00-00 00:00:00'),
(1280, 19, 6, '2023-08-29', 'Present', '0000-00-00 00:00:00'),
(1281, 20, 6, '2023-08-29', 'Present', '0000-00-00 00:00:00'),
(1282, 21, 6, '2023-08-29', 'Present', '0000-00-00 00:00:00'),
(1283, 22, 6, '2023-08-29', 'Present', '0000-00-00 00:00:00'),
(1284, 23, 6, '2023-08-29', 'Present', '0000-00-00 00:00:00'),
(1285, 2, 6, '2023-08-16', 'Present', '0000-00-00 00:00:00'),
(1286, 3, 6, '2023-08-16', 'Absent', '0000-00-00 00:00:00'),
(1287, 6, 6, '2023-08-16', 'Late', '0000-00-00 00:00:00'),
(1288, 7, 6, '2023-08-16', 'Sick', '0000-00-00 00:00:00'),
(1289, 10, 6, '2023-08-16', '', '0000-00-00 00:00:00'),
(1290, 11, 6, '2023-08-16', '', '0000-00-00 00:00:00'),
(1291, 12, 6, '2023-08-16', '', '0000-00-00 00:00:00'),
(1292, 15, 6, '2023-08-16', '', '0000-00-00 00:00:00'),
(1293, 19, 6, '2023-08-16', '', '0000-00-00 00:00:00'),
(1294, 20, 6, '2023-08-16', '', '0000-00-00 00:00:00'),
(1295, 21, 6, '2023-08-16', '', '0000-00-00 00:00:00'),
(1296, 22, 6, '2023-08-16', '', '0000-00-00 00:00:00'),
(1297, 23, 6, '2023-08-16', '', '0000-00-00 00:00:00');

-- --------------------------------------------------------

--
-- Table structure for table `students`
--

CREATE TABLE `students` (
  `id` int(11) NOT NULL,
  `name` varchar(100) NOT NULL,
  `roll_number` varchar(20) NOT NULL,
  `created_at` timestamp NOT NULL DEFAULT current_timestamp(),
  `updated_at` timestamp NOT NULL DEFAULT current_timestamp() ON UPDATE current_timestamp(),
  `attendance_status` varchar(20) NOT NULL DEFAULT 'present',
  `attendance_code` varchar(20) DEFAULT NULL,
  `deleted` tinyint(1) NOT NULL DEFAULT 0
) ENGINE=InnoDB DEFAULT CHARSET=utf8mb4;

--
-- Dumping data for table `students`
--

INSERT INTO `students` (`id`, `name`, `roll_number`, `created_at`, `updated_at`, `attendance_status`, `attendance_code`, `deleted`) VALUES
(2, 'ASHIMWE Carine', '022', '2023-07-26 05:56:12', '2023-07-26 05:57:52', 'present', NULL, 0),
(3, 'Ruzindana Diana', '045', '2023-07-26 06:11:59', '2023-07-26 06:13:36', 'present', NULL, 0),
(6, 'Olla kundwa', '0234', '2023-07-26 06:13:33', '2023-07-26 06:13:41', 'present', NULL, 0),
(7, 'Kezia Livie', '002', '2023-07-26 07:15:40', '2023-07-26 07:15:47', 'present', NULL, 0),
(10, 'U Olivier', '034', '2023-07-26 07:18:48', '2023-08-07 12:59:10', 'present', NULL, 0),
(11, 'M Sandryn', '007', '2023-07-26 07:19:05', '2023-07-26 09:50:05', 'present', NULL, 0),
(12, 'Ashh Carin', '014', '2023-07-26 09:47:10', '2023-07-27 09:03:55', 'present', NULL, 0),
(15, 'R Triana', '019', '2023-07-27 09:04:33', '2023-07-27 09:04:33', 'present', NULL, 0),
(19, 'Rolenzo K', '024', '2023-08-08 11:04:50', '2023-08-11 10:33:31', 'present', NULL, 0),
(20, 'K Joan', '006', '2023-08-11 04:49:09', '2023-08-11 10:33:32', 'present', NULL, 0),
(21, 'Shakira k', '005', '2023-08-11 05:11:52', '2023-08-11 10:33:32', 'present', NULL, 0),
(22, 'Peter R', '033', '2023-08-17 09:27:19', '2023-08-17 09:27:19', 'present', NULL, 0),
(23, 'Musafiri Moses', '009', '2023-08-18 10:41:04', '2023-08-18 10:41:04', 'present', NULL, 0);

-- --------------------------------------------------------

--
-- Table structure for table `users`
--

CREATE TABLE `users` (
  `id` int(11) NOT NULL,
  `username` varchar(255) NOT NULL,
  `email` varchar(255) NOT NULL,
  `password` varchar(255) NOT NULL
) ENGINE=InnoDB DEFAULT CHARSET=utf8mb4;

--
-- Dumping data for table `users`
--

INSERT INTO `users` (`id`, `username`, `email`, `password`) VALUES
(1, 'Tr Daniel S', 'daniel@gmail.com', '12345'),
(2, 'Tr Daniel S', 'daniel@gmail.com', '12345'),
(3, 'Tr Celestin', 'celestin2@gmail.com', '01234'),
(4, 'Tr Sukaka', 'sukaka@gmail.com', '45678'),
(5, 'Tr  Carine', 'carine@gmail.com', '12345'),
(6, 'Tr Tom', 'tomm@gmail.com', '00000'),
(7, 'Tr Mark V', 'markv@gmail.com', '56789'),
(8, 'Tr Aizoo', 'aizo@gmail.com', '012345');

--
-- Indexes for dumped tables
--

--
-- Indexes for table `attendance`
--
ALTER TABLE `attendance`
  ADD PRIMARY KEY (`id`),
  ADD KEY `student_id` (`student_id`),
  ADD KEY `user_id` (`user_id`);

--
-- Indexes for table `students`
--
ALTER TABLE `students`
  ADD PRIMARY KEY (`id`);

--
-- Indexes for table `users`
--
ALTER TABLE `users`
  ADD PRIMARY KEY (`id`);

--
-- AUTO_INCREMENT for dumped tables
--

--
-- AUTO_INCREMENT for table `attendance`
--
ALTER TABLE `attendance`
  MODIFY `id` int(11) NOT NULL AUTO_INCREMENT, AUTO_INCREMENT=1298;

--
-- AUTO_INCREMENT for table `students`
--
ALTER TABLE `students`
  MODIFY `id` int(11) NOT NULL AUTO_INCREMENT, AUTO_INCREMENT=24;

--
-- AUTO_INCREMENT for table `users`
--
ALTER TABLE `users`
  MODIFY `id` int(11) NOT NULL AUTO_INCREMENT, AUTO_INCREMENT=9;

--
-- Constraints for dumped tables
--

--
-- Constraints for table `attendance`
--
ALTER TABLE `attendance`
  ADD CONSTRAINT `attendance_ibfk_1` FOREIGN KEY (`student_id`) REFERENCES `students` (`id`),
  ADD CONSTRAINT `attendance_ibfk_2` FOREIGN KEY (`user_id`) REFERENCES `users` (`id`);
COMMIT;

/*!40101 SET CHARACTER_SET_CLIENT=@OLD_CHARACTER_SET_CLIENT */;
/*!40101 SET CHARACTER_SET_RESULTS=@OLD_CHARACTER_SET_RESULTS */;
/*!40101 SET COLLATION_CONNECTION=@OLD_COLLATION_CONNECTION */;
